{
  "timestamp": "2025-11-13T23:13:00.087708",
  "balancer_diameter": 0.3,
  "camera": {
    "index": 0,
    "frame_width": 640,
    "frame_height": 480
  },
  "ball_detection": {
    "lower_hsv": [
      12.0,
      112.4,
      126.55
    ],
    "upper_hsv": [
      25.0,
      255.0,
      234.45
    ]
  },
  "calibration": {
    "pixel_to_meter_ratio": 0.001048951048951049,
    "position_min_m": -0.15,
    "position_max_m": 0.15,
    "center_x": 290,
    "center_y": 241
  },
  "servo": {
    "port": "COM3",
    "neutral_angle": 65
  },
  "motor": {
    "pixels": {
      "motor0": [
        424.0,
        236.0
      ],
      "motor1": [
        219.0,
        123.0
      ],
      "motor2": [
        226.0,
        357.0
      ]
    },
    "unit_vector_m": {
      "motor0": [
        0.9993045799517766,
        0.03728748432655883
      ],
      "motor1": [
        -0.5155632173237445,
        0.856851544284533
      ],
      "motor2": [
        -0.48307734291133475,
        -0.8755776840267943
      ]
    }
  }
}